Image,Mean,Variance,Standard Deviation,Entropy,Skewness,Kurtosis,Contrast,Energy,ASM,Homogeneity,Dissimilarity,Correlation,Coarseness,PSNR,SSIM,MSE,DC,Target
Image1,1.75048828125,185130.75793433096,430.26823951383045,1868399.5058711644,0.003905992751008833,0.9999121289075135,534804.0,110149.58087981996,12132930168.0,112608.69969466166,19356.0,0.9999999999658842,8.556208486832877e-150,110.30873362283398,0.9788550464880398,0.01,0.8854870775347913,1
